{
  "model_version": "v1",
  "model_type": "baseline_ridge",
  "trained_at": "2026-02-02 06:53:26.723320",
  "n_train_samples": 5698,
  "n_val_samples": 1221,
  "n_test_samples": 1222,
  "n_features": 25,
  "mae": 192.65360716535176,
  "rmse": 1079.7080915770368,
  "mape": 79.10681693420781,
  "r2": -1.6730407951698134,
  "direction_accuracy": null,
  "training_time_seconds": 0.00977778434753418,
  "best_iteration": null,
  "feature_importance": {
    "cat__popularity_tier_3": 939.7100116740835,
    "cat__popularity_tier_2": 810.1197097898973,
    "num__is_country": 660.7823132233002,
    "num__days_to_event_squared": 270.00661019374496,
    "num__is_major_artist": 229.78605586091712,
    "num__days_to_event": 190.0843181319808,
    "cat__day_of_week_2": 189.7834681984996,
    "cat__day_of_week_4": 162.0561948906352,
    "cat__city_tier_2": 159.0685843838528,
    "cat__city_tier_1": 120.31210132197394,
    "cat__popularity_tier_4": 112.7238196891735,
    "num__is_last_week": 99.44249243863008,
    "cat__urgency_bucket_0": 83.33826887834567,
    "num__is_kpop": 75.52137519420695,
    "num__zone_price_ratio": 60.669614364531185,
    "num__is_floor": 59.732697842833964,
    "num__is_weekend": 55.532600102749306,
    "cat__seat_zone_encoded_0": 51.33533279639577,
    "cat__seat_zone_encoded_2": 50.15882837359113,
    "cat__urgency_bucket_5": 47.34064488161381
  }
}