{
  "model_version": "v6",
  "model_type": "lightgbm",
  "trained_at": "2026-02-04 05:43:35.839497",
  "n_train_samples": 7424,
  "n_val_samples": 1591,
  "n_test_samples": 1592,
  "n_features": 31,
  "mae": 279.35201184208114,
  "rmse": 565.3522025294461,
  "mape": 138.96020399069363,
  "r2": 0.39413411563571654,
  "direction_accuracy": null,
  "training_time_seconds": 0.09379410743713379,
  "best_iteration": 9,
  "feature_importance": {
    "artist_avg_price": 0.6005603079537858,
    "artist_median_price": 0.18546271725141433,
    "artist_event_count": 0.10714047639137379,
    "row_numeric": 0.029463862058770433,
    "zone_price_ratio": 0.017455243190918963,
    "seat_zone_encoded": 0.016721694383496338,
    "day_of_week": 0.0160054226129146,
    "month": 0.013215071545731717,
    "section_hash": 0.009924196521145243,
    "is_floor": 0.0030221155031204907,
    "artist_listing_count": 0.0005404411821820581,
    "is_ga": 0.00034662501992189983,
    "days_to_event_log": 8.492931676012717e-05,
    "city_tier": 5.6897068464184565e-05,
    "artist_price_std": 0.0,
    "artist_premium_ratio": 0.0,
    "is_known_artist": 0.0,
    "event_type_encoded": 0.0,
    "is_weekend": 0.0,
    "is_summer": 0.0
  }
}