{
  "model_version": "v5",
  "model_type": "lightgbm",
  "trained_at": "2026-02-04 05:42:20.344855",
  "n_train_samples": 7424,
  "n_val_samples": 1591,
  "n_test_samples": 1592,
  "n_features": 31,
  "mae": 181.3041743218826,
  "rmse": 463.5923286472425,
  "mape": 82.90722439807628,
  "r2": 0.5926095883232629,
  "direction_accuracy": null,
  "training_time_seconds": 1.3234000205993652,
  "best_iteration": 266,
  "feature_importance": {
    "artist_avg_price": 0.5102136819059868,
    "artist_median_price": 0.1698310817740457,
    "artist_price_std": 0.07231032815635892,
    "artist_event_count": 0.05260261534528266,
    "row_numeric": 0.040666056324947526,
    "section_hash": 0.03352272885518714,
    "seat_zone_encoded": 0.029424385895740073,
    "artist_premium_ratio": 0.02506659261150896,
    "day_of_week": 0.023956037213890505,
    "is_floor": 0.011894684867210598,
    "zone_price_ratio": 0.011754046164008743,
    "month": 0.00919522584465509,
    "artist_listing_count": 0.006109834963335488,
    "is_ga": 0.001907460947577016,
    "city_tier": 0.001440825539883601,
    "is_weekend": 7.379173812574672e-05,
    "days_to_event": 2.0009260958229466e-05,
    "days_to_event_log": 5.890785576195392e-06,
    "urgency_bucket": 3.2547970028024164e-06,
    "days_to_event_squared": 1.4670087181295162e-06
  }
}