{
  "model_version": "v10",
  "model_type": "lightgbm",
  "trained_at": "2026-02-09 04:18:26.496405",
  "n_train_samples": 8103,
  "n_val_samples": 1736,
  "n_test_samples": 1737,
  "n_features": 31,
  "mae": 125.65914281443251,
  "rmse": 412.9214023348138,
  "mape": 47.737079882314944,
  "r2": 0.6524857653982694,
  "direction_accuracy": null,
  "training_time_seconds": 0.37000298500061035,
  "best_iteration": 77,
  "feature_importance": {
    "artist_avg_price": 0.48119790990901695,
    "artist_median_price": 0.19380398003144844,
    "row_numeric": 0.06443136872843276,
    "section_hash": 0.057904682592854306,
    "day_of_week": 0.0380629116046923,
    "seat_zone_encoded": 0.02982351921361253,
    "artist_price_std": 0.027610013568247667,
    "artist_premium_ratio": 0.02594524592192959,
    "artist_event_count": 0.02096296732249125,
    "zone_price_ratio": 0.01739303459888923,
    "month": 0.015452208539609722,
    "artist_listing_count": 0.01105836506942551,
    "city_tier": 0.00790298885411113,
    "is_floor": 0.004044296071972038,
    "is_ga": 0.0019743698846819173,
    "is_weekend": 0.0017834868463978565,
    "days_to_event": 0.00040843561515068545,
    "days_to_event_squared": 0.0001801797548230213,
    "days_to_event_log": 6.00358722130758e-05,
    "is_known_artist": 0.0
  }
}