{
  "model_version": "v2",
  "model_type": "lightgbm",
  "trained_at": "2026-02-02 07:17:40.317738",
  "n_train_samples": 5698,
  "n_val_samples": 1221,
  "n_test_samples": 1222,
  "n_features": 27,
  "mae": 94.59625321462494,
  "rmse": 531.8930071518236,
  "mape": 22.379026171602792,
  "r2": 0.3513036773350059,
  "direction_accuracy": null,
  "training_time_seconds": 0.16696691513061523,
  "best_iteration": 30,
  "feature_importance": {
    "artist_avg_price": 0.6170506924518826,
    "row_numeric": 0.09027530624044731,
    "seat_zone_encoded": 0.06999247485340329,
    "artist_median_price": 0.06848549340151865,
    "artist_price_std": 0.05213291519763449,
    "zone_price_ratio": 0.03313158843899932,
    "section_hash": 0.029845061565280263,
    "is_floor": 0.016452794028572283,
    "day_of_week": 0.015580639958133111,
    "is_weekend": 0.002360901947773273,
    "is_ga": 0.0012521757730636562,
    "artist_event_count": 0.0011815503760771982,
    "days_to_event_squared": 0.0010288083572639066,
    "city_tier": 0.0007411597607965403,
    "artist_listing_count": 0.0002192680552577377,
    "days_to_event": 0.00017819732103723578,
    "month": 9.097227285909777e-05,
    "artist_premium_ratio": 0.0,
    "is_known_artist": 0.0,
    "event_type_encoded": 0.0
  }
}