{
  "model_version": "v12",
  "model_type": "lightgbm",
  "trained_at": "2026-02-11 12:22:42.695504",
  "n_train_samples": 9219,
  "n_val_samples": 1975,
  "n_test_samples": 1976,
  "n_features": 31,
  "mae": 139.4046726861643,
  "rmse": 430.18073164723234,
  "mape": 57.56784404455222,
  "r2": 0.5717368318458463,
  "direction_accuracy": null,
  "training_time_seconds": 0.1231231689453125,
  "best_iteration": 24,
  "feature_importance": {
    "artist_avg_price": 0.5111805720488135,
    "artist_median_price": 0.21860029998364974,
    "row_numeric": 0.05295739925879943,
    "artist_premium_ratio": 0.04835923432024172,
    "seat_zone_encoded": 0.028194185013971064,
    "day_of_week": 0.024679635940800946,
    "section_hash": 0.02425279048365768,
    "zone_price_ratio": 0.020732251625363098,
    "artist_price_std": 0.019001419805325905,
    "city_tier": 0.017060016449623662,
    "artist_listing_count": 0.012983015336565311,
    "month": 0.011920105893378745,
    "artist_event_count": 0.0070552308509406365,
    "is_floor": 0.0020465865434470096,
    "is_ga": 0.0007613639167930075,
    "is_weekend": 0.00021589252862855556,
    "is_known_artist": 0.0,
    "event_type_encoded": 0.0,
    "is_summer": 0.0,
    "is_holiday_season": 0.0
  }
}