{
  "model_version": "v3",
  "model_type": "lightgbm",
  "trained_at": "2026-02-02 08:41:59.741234",
  "n_train_samples": 5698,
  "n_val_samples": 1221,
  "n_test_samples": 1222,
  "n_features": 34,
  "mae": 95.05667635668476,
  "rmse": 538.6111738202609,
  "mape": 21.768367157994266,
  "r2": 0.33481324596511997,
  "direction_accuracy": null,
  "training_time_seconds": 0.13277697563171387,
  "best_iteration": 31,
  "feature_importance": {
    "artist_avg_price": 0.6229616177842628,
    "artist_median_price": 0.12567446386023295,
    "seat_zone_encoded": 0.09437165083291403,
    "row_numeric": 0.09090567591818774,
    "zone_price_ratio": 0.022849963061418618,
    "section_hash": 0.015944508295904842,
    "day_of_week": 0.014285835265171819,
    "is_weekend": 0.004200421504694339,
    "artist_listing_count": 0.0019366213084279658,
    "is_floor": 0.0017735737574104365,
    "is_ga": 0.0016009088733011762,
    "city_tier": 0.0008729319596458069,
    "artist_variability": 0.000827565501283286,
    "artist_price_std": 0.0006778483943278145,
    "days_to_event": 0.0004990923910811344,
    "month": 0.0003470323605662071,
    "days_to_event_squared": 0.00012881485246847552,
    "artist_event_count": 0.00011946941718755211,
    "days_to_event_log": 2.200466151298419e-05,
    "artist_premium_ratio": 0.0
  }
}