{
  "model_version": "v9",
  "model_type": "lightgbm",
  "trained_at": "2026-02-06 08:19:48.338143",
  "n_train_samples": 7818,
  "n_val_samples": 1675,
  "n_test_samples": 1676,
  "n_features": 31,
  "mae": 116.81098381151594,
  "rmse": 397.8828366422669,
  "mape": 34.84283680756406,
  "r2": 0.6884459729930099,
  "direction_accuracy": null,
  "training_time_seconds": 0.6442780494689941,
  "best_iteration": 63,
  "feature_importance": {
    "artist_avg_price": 0.47389176812184186,
    "artist_median_price": 0.188844679123789,
    "artist_event_count": 0.06358813648501146,
    "row_numeric": 0.05053671367147504,
    "section_hash": 0.04383986851149875,
    "seat_zone_encoded": 0.032975441025825225,
    "day_of_week": 0.03252332869526147,
    "artist_premium_ratio": 0.029689762654599515,
    "artist_price_std": 0.02564796133257423,
    "zone_price_ratio": 0.018853836154947262,
    "month": 0.016563065556104,
    "artist_listing_count": 0.016478546995706972,
    "is_floor": 0.003982376207014983,
    "city_tier": 0.0016135481829230866,
    "is_ga": 0.0007243602563121261,
    "days_to_event_squared": 9.238766609085871e-05,
    "days_to_event": 8.460739846056135e-05,
    "is_weekend": 5.4811461306042676e-05,
    "days_to_event_log": 1.4800499257533453e-05,
    "is_known_artist": 0.0
  }
}