{
  "model_version": "v1",
  "model_type": "lightgbm",
  "trained_at": "2026-02-02 07:08:52.714430",
  "n_train_samples": 5698,
  "n_val_samples": 1221,
  "n_test_samples": 1222,
  "n_features": 25,
  "mae": 159.33571545988877,
  "rmse": 508.44693014414673,
  "mape": 69.38397516936881,
  "r2": 0.4072328419562816,
  "direction_accuracy": null,
  "training_time_seconds": 0.3766169548034668,
  "best_iteration": 215,
  "feature_importance": {
    "is_country": 0.1738467572081382,
    "row_numeric": 0.14191504459302054,
    "artist_name_length": 0.1104721034012534,
    "is_kpop": 0.10675366018323489,
    "is_major_artist": 0.09242198703111842,
    "section_hash": 0.0872651078115138,
    "seat_zone_encoded": 0.08632047344774073,
    "popularity_tier": 0.060693457667342826,
    "day_of_week": 0.03607969057239206,
    "city_tier": 0.03485887030900047,
    "is_floor": 0.02247522164454906,
    "zone_price_ratio": 0.017564265319261755,
    "month": 0.016129415634071845,
    "days_to_event": 0.00582074996292938,
    "is_ga": 0.004782651433742795,
    "is_weekend": 0.002383895294052401,
    "days_to_event_squared": 0.0001777603348834694,
    "days_to_event_log": 3.8888151754000456e-05,
    "event_type_encoded": 0.0,
    "is_summer": 0.0
  }
}