{
  "model_version": "v4",
  "model_type": "lightgbm",
  "trained_at": "2026-02-03 08:40:01.172988",
  "n_train_samples": 6685,
  "n_val_samples": 1432,
  "n_test_samples": 1433,
  "n_features": 31,
  "mae": 96.74801719419835,
  "rmse": 374.04570704557227,
  "mape": 39.387276924383926,
  "r2": 0.6242004028048406,
  "direction_accuracy": null,
  "training_time_seconds": 0.16916418075561523,
  "best_iteration": 24,
  "feature_importance": {
    "artist_avg_price": 0.5008219162659047,
    "artist_price_std": 0.10864527783897901,
    "artist_median_price": 0.08198011838752359,
    "artist_event_count": 0.062933495249035,
    "row_numeric": 0.060942772934551345,
    "artist_premium_ratio": 0.04453251569122066,
    "section_hash": 0.03873481209588258,
    "seat_zone_encoded": 0.02929117327495751,
    "zone_price_ratio": 0.028339094611418772,
    "day_of_week": 0.012602677682144023,
    "is_floor": 0.011599313785424647,
    "artist_listing_count": 0.009906749946737311,
    "month": 0.007056302995868176,
    "is_weekend": 0.0011100060464378564,
    "days_to_event": 0.0005027276876020442,
    "is_ga": 0.0003947867953588321,
    "days_to_event_log": 0.0003635223641630165,
    "city_tier": 0.00020678045791193908,
    "days_to_event_squared": 3.595588887904617e-05,
    "is_known_artist": 0.0
  }
}