{
  "model_version": "v7",
  "model_type": "lightgbm",
  "trained_at": "2026-02-05 08:49:45.098790",
  "n_train_samples": 7646,
  "n_val_samples": 1638,
  "n_test_samples": 1639,
  "n_features": 31,
  "mae": 96.7204140752049,
  "rmse": 404.05254900613187,
  "mape": 26.393299450608144,
  "r2": 0.685596973446482,
  "direction_accuracy": null,
  "training_time_seconds": 0.7516217231750488,
  "best_iteration": 59,
  "feature_importance": {
    "artist_avg_price": 0.4102471093714712,
    "artist_median_price": 0.29866570720815977,
    "row_numeric": 0.06216182532798654,
    "section_hash": 0.03919063608505272,
    "day_of_week": 0.034012433702730716,
    "seat_zone_encoded": 0.030731983279346845,
    "artist_price_std": 0.030150733356458376,
    "artist_premium_ratio": 0.02779899532472844,
    "zone_price_ratio": 0.021108235116285477,
    "artist_listing_count": 0.015408740073248049,
    "month": 0.011415357134838213,
    "artist_event_count": 0.010613750709960798,
    "is_floor": 0.003857780885723637,
    "city_tier": 0.002554076181085863,
    "is_ga": 0.0018715795110145976,
    "is_weekend": 0.00010603233082436018,
    "days_to_event_log": 5.790916288906924e-05,
    "days_to_event": 4.711523819530228e-05,
    "is_known_artist": 0.0,
    "event_type_encoded": 0.0
  }
}