{
  "model_version": "v11",
  "model_type": "lightgbm",
  "trained_at": "2026-02-09 07:43:53.623075",
  "n_train_samples": 8179,
  "n_val_samples": 1753,
  "n_test_samples": 1753,
  "n_features": 31,
  "mae": 115.57717196796013,
  "rmse": 406.44435296774924,
  "mape": 41.60602973369473,
  "r2": 0.6602652019632911,
  "direction_accuracy": null,
  "training_time_seconds": 0.14154314994812012,
  "best_iteration": 60,
  "feature_importance": {
    "artist_avg_price": 0.4014718029912527,
    "artist_median_price": 0.2940383996398322,
    "row_numeric": 0.05353840868201798,
    "section_hash": 0.05057924018543026,
    "day_of_week": 0.03391821388896976,
    "artist_premium_ratio": 0.033897389637651675,
    "seat_zone_encoded": 0.033510531190097934,
    "artist_price_std": 0.030369066251034565,
    "zone_price_ratio": 0.019638169593951624,
    "month": 0.014705774223639506,
    "artist_event_count": 0.010903494141305594,
    "artist_listing_count": 0.010537451629165383,
    "city_tier": 0.005250179431314563,
    "is_floor": 0.0032100512894090074,
    "is_ga": 0.002162076896724591,
    "is_weekend": 0.0017474261326876617,
    "days_to_event": 0.00035183408788024494,
    "days_to_event_squared": 0.00011153532620720473,
    "days_to_event_log": 5.895478142757288e-05,
    "is_known_artist": 0.0
  }
}