{
  "model_version": "v8",
  "model_type": "lightgbm",
  "trained_at": "2026-02-05 08:50:24.685126",
  "n_train_samples": 7646,
  "n_val_samples": 1638,
  "n_test_samples": 1639,
  "n_features": 31,
  "mae": 100.88934619814192,
  "rmse": 413.5296207695517,
  "mape": 28.77007278201633,
  "r2": 0.670675332102199,
  "direction_accuracy": null,
  "training_time_seconds": 0.7448868751525879,
  "best_iteration": 58,
  "feature_importance": {
    "artist_avg_price": 0.41358479249103,
    "artist_median_price": 0.29625701823831296,
    "row_numeric": 0.059673596364635616,
    "section_hash": 0.03883562381961092,
    "artist_price_std": 0.03649289199788796,
    "seat_zone_encoded": 0.03364353206022832,
    "day_of_week": 0.03242751204047972,
    "artist_premium_ratio": 0.030583458998940348,
    "zone_price_ratio": 0.020004977949326947,
    "artist_listing_count": 0.014631281270674295,
    "month": 0.01170881567502729,
    "is_floor": 0.005509296740189559,
    "artist_event_count": 0.0036182696826686147,
    "is_ga": 0.0017264038739557494,
    "city_tier": 0.0011233744311757697,
    "days_to_event_log": 5.9039411258335975e-05,
    "days_to_event": 5.834799599324887e-05,
    "is_weekend": 3.811510096828768e-05,
    "days_to_event_squared": 2.3651857636102023e-05,
    "is_known_artist": 0.0
  }
}