{
  "model_version": "v3",
  "model_type": "quantile_lightgbm",
  "trained_at": "2026-02-02 08:40:28.698806",
  "n_train_samples": 5698,
  "n_val_samples": 1221,
  "n_test_samples": 1222,
  "n_features": 34,
  "mae": 107.0976400489942,
  "rmse": 589.431681873345,
  "mape": 21.173466547182386,
  "r2": 0.20336418849815963,
  "direction_accuracy": null,
  "training_time_seconds": 1.9126198291778564,
  "best_iteration": null,
  "feature_importance": {
    "artist_avg_price": 0.4299104575747158,
    "artist_median_price": 0.15054905852316228,
    "row_numeric": 0.08943754538393942,
    "section_hash": 0.06930941306812143,
    "day_of_week": 0.054148249918728665,
    "seat_zone_encoded": 0.05375298200842241,
    "month": 0.03951280722489431,
    "days_to_event": 0.03061269693840045,
    "city_tier": 0.020456130808304086,
    "artist_price_std": 0.01729018820904746,
    "zone_price_ratio": 0.013741831926636385,
    "days_to_event_squared": 0.009593242965018123,
    "artist_price_vs_global": 0.005640373484048969,
    "is_weekend": 0.004359848538773479,
    "days_to_event_log": 0.0030958591446721166,
    "is_floor": 0.002776662303035758,
    "artist_premium_ratio": 0.0016380373300544906,
    "artist_listing_count": 0.0015111508471621646,
    "artist_variability": 0.0013945632008561977,
    "is_ga": 0.0008014881799920329
  }
}